code,subject,n_departments,n_placements,departments
21011,Engineering Drawing,32,32,"Aircraft Maintenance Technology- Aerospace; Aircraft Maintenance Technology- Avionics; Architecture Technology; Automobile Technology; Cadastral,Topographic Survey & Land Information Technology; Ceramic Technology; Chemical Technology; Civil Technology; Civil(Wood) Technology; Computer Science & Technology; Construction Technology; Electrical Technology; Electromedical Technology; Electronics Technology; Environmental Technology; Food Technology; Footwear Technology; Geoinformatics Technology; Glass Technology; Graphic Design Technology; Land Resources Survey & Environment Technology; Marine Technology; Mechanical Technology; Mechatronics Technology; Petroleum and Mining Technology; Photogrammetry & Remote Sensing Technology; Power Technology; Printing Technology; RAC Technology; Shipbuilding Engineering; Surveying Technology; Telecommunication Technology"
25711,Bangla-I,33,33,"Aircraft Maintenance Technology- Aerospace; Aircraft Maintenance Technology- Avionics; Architecture Technology; Automobile Technology; Cadastral,Topographic Survey & Land Information Technology; Ceramic Technology; Chemical Technology; Civil Technology; Civil(Wood) Technology; Computer Science & Technology; Construction Technology; Electrical Technology; Electromedical Technology; Electronics Technology; Environmental Technology; Food Technology; Footwear Technology; Geoinformatics Technology; Glass Technology; Graphic Design Technology; Land Resources Survey & Environment Technology; Marine Technology; Mechanical Technology; Mechatronics Technology; Petroleum and Mining Technology; Photogrammetry & Remote Sensing Technology; Power Technology; Printing Technology; RAC Technology; Shipbuilding Engineering; Surveying Technology; Telecommunication Technology; Tourism and Hospitality Management Technology"
25712,English-I,33,33,"Aircraft Maintenance Technology- Aerospace; Aircraft Maintenance Technology- Avionics; Architecture Technology; Automobile Technology; Cadastral,Topographic Survey & Land Information Technology; Ceramic Technology; Chemical Technology; Civil Technology; Civil(Wood) Technology; Computer Science & Technology; Construction Technology; Electrical Technology; Electromedical Technology; Electronics Technology; Environmental Technology; Food Technology; Footwear Technology; Geoinformatics Technology; Glass Technology; Graphic Design Technology; Land Resources Survey & Environment Technology; Marine Technology; Mechanical Technology; Mechatronics Technology; Petroleum and Mining Technology; Photogrammetry & Remote Sensing Technology; Power Technology; Printing Technology; RAC Technology; Shipbuilding Engineering; Surveying Technology; Telecommunication Technology; Tourism and Hospitality Management Technology"
25721,Bangla -II,33,33,"Aircraft Maintenance Technology- Aerospace; Aircraft Maintenance Technology- Avionics; Architecture Technology; Automobile Technology; Cadastral,Topographic Survey & Land Information Technology; Ceramic Technology; Chemical Technology; Civil Technology; Civil(Wood) Technology; Computer Science & Technology; Construction Technology; Electrical Technology; Electromedical Technology; Electronics Technology; Environmental Technology; Food Technology; Footwear Technology; Geoinformatics Technology; Glass Technology; Graphic Design Technology; Land Resources Survey & Environment Technology; Marine Technology; Mechanical Technology; Mechatronics Technology; Petroleum and Mining Technology; Photogrammetry & Remote Sensing Technology; Power Technology; Printing Technology; RAC Technology; Shipbuilding Engineering; Surveying Technology; Telecommunication Technology; Tourism and Hospitality Management Technology"
25722,English-II,33,33,"Aircraft Maintenance Technology- Aerospace; Aircraft Maintenance Technology- Avionics; Architecture Technology; Automobile Technology; Cadastral,Topographic Survey & Land Information Technology; Ceramic Technology; Chemical Technology; Civil Technology; Civil(Wood) Technology; Computer Science & Technology; Construction Technology; Electrical Technology; Electromedical Technology; Electronics Technology; Environmental Technology; Food Technology; Footwear Technology; Geoinformatics Technology; Glass Technology; Graphic Design Technology; Land Resources Survey & Environment Technology; Marine Technology; Mechanical Technology; Mechatronics Technology; Petroleum and Mining Technology; Photogrammetry & Remote Sensing Technology; Power Technology; Printing Technology; RAC Technology; Shipbuilding Engineering; Surveying Technology; Telecommunication Technology; Tourism and Hospitality Management Technology"
25811,Social Science,33,33,"Aircraft Maintenance Technology- Aerospace; Aircraft Maintenance Technology- Avionics; Architecture Technology; Automobile Technology; Cadastral,Topographic Survey & Land Information Technology; Ceramic Technology; Chemical Technology; Civil Technology; Civil(Wood) Technology; Computer Science & Technology; Construction Technology; Electrical Technology; Electromedical Technology; Electronics Technology; Environmental Technology; Food Technology; Footwear Technology; Geoinformatics Technology; Glass Technology; Graphic Design Technology; Land Resources Survey & Environment Technology; Marine Technology; Mechanical Technology; Mechatronics Technology; Petroleum and Mining Technology; Photogrammetry & Remote Sensing Technology; Power Technology; Printing Technology; RAC Technology; Shipbuilding Engineering; Surveying Technology; Telecommunication Technology; Tourism and Hospitality Management Technology"
25812,Physical Education & Life skills Development,33,33,"Aircraft Maintenance Technology- Aerospace; Aircraft Maintenance Technology- Avionics; Architecture Technology; Automobile Technology; Cadastral,Topographic Survey & Land Information Technology; Ceramic Technology; Chemical Technology; Civil Technology; Civil(Wood) Technology; Computer Science & Technology; Construction Technology; Electrical Technology; Electromedical Technology; Electronics Technology; Environmental Technology; Food Technology; Footwear Technology; Geoinformatics Technology; Glass Technology; Graphic Design Technology; Land Resources Survey & Environment Technology; Marine Technology; Mechanical Technology; Mechatronics Technology; Petroleum and Mining Technology; Photogrammetry & Remote Sensing Technology; Power Technology; Printing Technology; RAC Technology; Shipbuilding Engineering; Surveying Technology; Telecommunication Technology; Tourism and Hospitality Management Technology"
25831,Business Communication,31,31,"Aircraft Maintenance Technology- Aerospace; Aircraft Maintenance Technology- Avionics; Architecture Technology; Automobile Technology; Cadastral,Topographic Survey & Land Information Technology; Ceramic Technology; Chemical Technology; Civil Technology; Civil(Wood) Technology; Computer Science & Technology; Construction Technology; Electrical Technology; Electromedical Technology; Electronics Technology; Environmental Technology; Food Technology; Footwear Technology; Geoinformatics Technology; Glass Technology; Graphic Design Technology; Land Resources Survey & Environment Technology; Mechanical Technology; Mechatronics Technology; Petroleum and Mining Technology; Photogrammetry & Remote Sensing Technology; Power Technology; Printing Technology; RAC Technology; Surveying Technology; Telecommunication Technology; Tourism and Hospitality Management Technology"
25841,Accounting,33,33,"Aircraft Maintenance Technology- Aerospace; Aircraft Maintenance Technology- Avionics; Architecture Technology; Automobile Technology; Cadastral,Topographic Survey & Land Information Technology; Ceramic Technology; Chemical Technology; Civil Technology; Civil(Wood) Technology; Computer Science & Technology; Construction Technology; Electrical Technology; Electromedical Technology; Electronics Technology; Environmental Technology; Food Technology; Footwear Technology; Geoinformatics Technology; Glass Technology; Graphic Design Technology; Land Resources Survey & Environment Technology; Marine Technology; Mechanical Technology; Mechatronics Technology; Petroleum and Mining Technology; Photogrammetry & Remote Sensing Technology; Power Technology; Printing Technology; RAC Technology; Shipbuilding Engineering; Surveying Technology; Telecommunication Technology; Tourism and Hospitality Management Technology"
25851,Principles of Marketing,32,33,"Aircraft Maintenance Technology- Aerospace; Aircraft Maintenance Technology- Avionics; Architecture Technology; Automobile Technology; Cadastral,Topographic Survey & Land Information Technology; Ceramic Technology; Chemical Technology; Civil Technology; Civil(Wood) Technology; Computer Science & Technology; Construction Technology; Electrical Technology; Electromedical Technology; Electronics Technology; Environmental Technology; Food Technology; Footwear Technology; Geoinformatics Technology; Glass Technology; Graphic Design Technology; Land Resources Survey & Environment Technology; Marine Technology; Mechanical Technology; Mechatronics Technology; Petroleum and Mining Technology; Photogrammetry & Remote Sensing Technology; Power Technology; Printing Technology; RAC Technology; Surveying Technology; Telecommunication Technology; Tourism and Hospitality Management Technology"
25852,Industrial Management,30,30,Aircraft Maintenance Technology- Aerospace; Aircraft Maintenance Technology- Avionics; Architecture Technology; Automobile Technology; Ceramic Technology; Chemical Technology; Civil Technology; Civil(Wood) Technology; Computer Science & Technology; Construction Technology; Electrical Technology; Electromedical Technology; Electronics Technology; Environmental Technology; Food Technology; Footwear Technology; Geoinformatics Technology; Glass Technology; Graphic Design Technology; Marine Technology; Mechanical Technology; Mechatronics Technology; Petroleum and Mining Technology; Photogrammetry & Remote Sensing Technology; Power Technology; RAC Technology; Shipbuilding Engineering; Surveying Technology; Telecommunication Technology; Tourism and Hospitality Management Technology
25853,Innovation & Entrepreneurship,33,33,"Aircraft Maintenance Technology- Aerospace; Aircraft Maintenance Technology- Avionics; Architecture Technology; Automobile Technology; Cadastral,Topographic Survey & Land Information Technology; Ceramic Technology; Chemical Technology; Civil Technology; Civil(Wood) Technology; Computer Science & Technology; Construction Technology; Electrical Technology; Electromedical Technology; Electronics Technology; Environmental Technology; Food Technology; Footwear Technology; Geoinformatics Technology; Glass Technology; Graphic Design Technology; Land Resources Survey & Environment Technology; Marine Technology; Mechanical Technology; Mechatronics Technology; Petroleum and Mining Technology; Photogrammetry & Remote Sensing Technology; Power Technology; Printing Technology; RAC Technology; Shipbuilding Engineering; Surveying Technology; Telecommunication Technology; Tourism and Hospitality Management Technology"
25911,Mathematics -I,32,32,"Aircraft Maintenance Technology- Aerospace; Aircraft Maintenance Technology- Avionics; Architecture Technology; Automobile Technology; Cadastral,Topographic Survey & Land Information Technology; Ceramic Technology; Chemical Technology; Civil Technology; Civil(Wood) Technology; Computer Science & Technology; Construction Technology; Electrical Technology; Electromedical Technology; Electronics Technology; Environmental Technology; Food Technology; Footwear Technology; Geoinformatics Technology; Glass Technology; Graphic Design Technology; Land Resources Survey & Environment Technology; Marine Technology; Mechanical Technology; Mechatronics Technology; Petroleum and Mining Technology; Photogrammetry & Remote Sensing Technology; Power Technology; Printing Technology; RAC Technology; Shipbuilding Engineering; Surveying Technology; Telecommunication Technology"
25912,Physics-I,32,32,"Aircraft Maintenance Technology- Aerospace; Aircraft Maintenance Technology- Avionics; Architecture Technology; Automobile Technology; Cadastral,Topographic Survey & Land Information Technology; Ceramic Technology; Chemical Technology; Civil Technology; Civil(Wood) Technology; Computer Science & Technology; Construction Technology; Electrical Technology; Electromedical Technology; Electronics Technology; Environmental Technology; Food Technology; Footwear Technology; Geoinformatics Technology; Glass Technology; Graphic Design Technology; Land Resources Survey & Environment Technology; Marine Technology; Mechanical Technology; Mechatronics Technology; Petroleum and Mining Technology; Photogrammetry & Remote Sensing Technology; Power Technology; Printing Technology; RAC Technology; Shipbuilding Engineering; Surveying Technology; Telecommunication Technology"
25913,Chemistry,32,32,"Aircraft Maintenance Technology- Aerospace; Aircraft Maintenance Technology- Avionics; Architecture Technology; Automobile Technology; Cadastral,Topographic Survey & Land Information Technology; Ceramic Technology; Chemical Technology; Civil Technology; Civil(Wood) Technology; Computer Science & Technology; Construction Technology; Electrical Technology; Electromedical Technology; Electronics Technology; Environmental Technology; Food Technology; Footwear Technology; Geoinformatics Technology; Glass Technology; Graphic Design Technology; Land Resources Survey & Environment Technology; Marine Technology; Mechanical Technology; Mechatronics Technology; Petroleum and Mining Technology; Photogrammetry & Remote Sensing Technology; Power Technology; Printing Technology; RAC Technology; Shipbuilding Engineering; Surveying Technology; Telecommunication Technology"
25921,Mathematics-II,32,32,"Aircraft Maintenance Technology- Aerospace; Aircraft Maintenance Technology- Avionics; Architecture Technology; Automobile Technology; Cadastral,Topographic Survey & Land Information Technology; Ceramic Technology; Chemical Technology; Civil Technology; Civil(Wood) Technology; Computer Science & Technology; Construction Technology; Electrical Technology; Electromedical Technology; Electronics Technology; Environmental Technology; Food Technology; Footwear Technology; Geoinformatics Technology; Glass Technology; Graphic Design Technology; Land Resources Survey & Environment Technology; Marine Technology; Mechanical Technology; Mechatronics Technology; Petroleum and Mining Technology; Photogrammetry & Remote Sensing Technology; Power Technology; Printing Technology; RAC Technology; Shipbuilding Engineering; Surveying Technology; Telecommunication Technology"
25922,Physics-II,32,32,"Aircraft Maintenance Technology- Aerospace; Aircraft Maintenance Technology- Avionics; Architecture Technology; Automobile Technology; Cadastral,Topographic Survey & Land Information Technology; Ceramic Technology; Chemical Technology; Civil Technology; Civil(Wood) Technology; Computer Science & Technology; Construction Technology; Electrical Technology; Electromedical Technology; Electronics Technology; Environmental Technology; Food Technology; Footwear Technology; Geoinformatics Technology; Glass Technology; Graphic Design Technology; Land Resources Survey & Environment Technology; Marine Technology; Mechanical Technology; Mechatronics Technology; Petroleum and Mining Technology; Photogrammetry & Remote Sensing Technology; Power Technology; Printing Technology; RAC Technology; Shipbuilding Engineering; Surveying Technology; Telecommunication Technology"
25931,Mathematics-III,32,32,"Aircraft Maintenance Technology- Aerospace; Aircraft Maintenance Technology- Avionics; Architecture Technology; Automobile Technology; Cadastral,Topographic Survey & Land Information Technology; Ceramic Technology; Chemical Technology; Civil Technology; Civil(Wood) Technology; Computer Science & Technology; Construction Technology; Electrical Technology; Electromedical Technology; Electronics Technology; Environmental Technology; Food Technology; Footwear Technology; Geoinformatics Technology; Glass Technology; Graphic Design Technology; Land Resources Survey & Environment Technology; Marine Technology; Mechanical Technology; Mechatronics Technology; Petroleum and Mining Technology; Photogrammetry & Remote Sensing Technology; Power Technology; Printing Technology; RAC Technology; Shipbuilding Engineering; Surveying Technology; Telecommunication Technology"
26121,Architectural Design-I,1,1,Architecture Technology
26134,Climatology,1,1,Architecture Technology
26135,Computer Aided Drawing -I,1,1,Architecture Technology
26153,Model Making,1,1,Architecture Technology
26211,Automobile Fundamentals,3,3,Automobile Technology; Mechanical Technology; RAC Technology
26421,Civil Engineering Drawing,4,4,Civil Technology; Civil(Wood) Technology; Construction Technology; Environmental Technology
26431,Structural Mechanics,10,10,"Architecture Technology; Cadastral,Topographic Survey & Land Information Technology; Civil Technology; Civil(Wood) Technology; Construction Technology; Environmental Technology; Geoinformatics Technology; Land Resources Survey & Environment Technology; Photogrammetry & Remote Sensing Technology; Surveying Technology"
26441,Construction Process-II,3,3,Civil Technology; Civil(Wood) Technology; Environmental Technology
26442,Estimating & Costing-I,4,4,Civil Technology; Civil(Wood) Technology; Construction Technology; Environmental Technology
26443,Civil CAD-I,4,4,Civil Technology; Civil(Wood) Technology; Construction Technology; Environmental Technology
26444,Surveying-II,4,4,Civil Technology; Civil(Wood) Technology; Construction Technology; Environmental Technology
26445,Geotechnical Engineering,4,4,Civil Technology; Civil(Wood) Technology; Construction Technology; Environmental Technology
26457,Water Supply and Sanitary Engineering,1,1,Architecture Technology
26461,Water Resources Engineering,2,2,Civil Technology; Construction Technology
26462,Advance Surveying,1,1,Civil Technology
26463,Transportation Engineering-I,5,5,Civil Technology; Civil(Wood) Technology; Construction Technology; Environmental Technology; Surveying Technology
26464,Design of Structure-I,6,6,Architecture Technology; Civil Technology; Civil(Wood) Technology; Construction Technology; Environmental Technology; Surveying Technology
26472,Sanitary Engineering,4,4,Civil Technology; Civil(Wood) Technology; Construction Technology; Environmental Technology
26473,Transportation Engineering-II,4,4,Civil Technology; Civil(Wood) Technology; Construction Technology; Surveying Technology
26474,Design of Structure-II,4,4,Civil Technology; Civil(Wood) Technology; Construction Technology; Surveying Technology
26475,Estimating & Costing-II,4,4,Civil Technology; Civil(Wood) Technology; Construction Technology; Environmental Technology
26521,Wood Workshop Practice,2,2,Civil Technology; Civil(Wood) Technology
26711,Basic Electricity,33,33,"Aircraft Maintenance Technology- Aerospace; Aircraft Maintenance Technology- Avionics; Architecture Technology; Automobile Technology; Cadastral,Topographic Survey & Land Information Technology; Ceramic Technology; Chemical Technology; Civil Technology; Civil(Wood) Technology; Computer Science & Technology; Construction Technology; Electrical Technology; Electromedical Technology; Electronics Technology; Environmental Technology; Food Technology; Footwear Technology; Geoinformatics Technology; Glass Technology; Graphic Design Technology; Land Resources Survey & Environment Technology; Marine Technology; Mechanical Technology; Mechatronics Technology; Petroleum and Mining Technology; Photogrammetry & Remote Sensing Technology; Power Technology; Printing Technology; RAC Technology; Shipbuilding Engineering; Surveying Technology; Telecommunication Technology; Tourism and Hospitality Management Technology"
26721,Electrical Circuits-I,4,4,Electrical Technology; Electromedical Technology; Electronics Technology; Telecommunication Technology
26722,Electrical Engineering Drawing,1,1,Electrical Technology
26732,Electrical Appliances,1,1,Electrical Technology
26741,"Electrical Installation,Planning and Estimating",4,4,Electrical Technology; Electromedical Technology; Electronics Technology; Telecommunication Technology
26742,DC Machine,4,4,Electrical Technology; Electromedical Technology; Electronics Technology; Telecommunication Technology
26743,Electrical Engineering Project-I,1,1,Electrical Technology
26753,Measurements-I Testing and Maintannance of Electrical Equipments,1,1,Electrical Technology
26761,AC Machine-I,4,4,Electrical Technology; Electromedical Technology; Electronics Technology; Telecommunication Technology
26762,Transmission and Distribution of,1,1,Electrical Technology
26763,Electrical Power-I Electrical & Electronic Measurements-II,4,4,Electrical Technology; Electromedical Technology; Electronics Technology; Telecommunication Technology
26771,AC Machine-II,4,4,Electrical Technology; Electromedical Technology; Electronics Technology; Telecommunication Technology
26772,Transmission and Distribution of Electrical Power-II,1,1,Electrical Technology
26773,Switch Gear and Protection,3,3,Electrical Technology; Electromedical Technology; Telecommunication Technology
26811,Basic Electronics,31,31,"Aircraft Maintenance Technology- Aerospace; Aircraft Maintenance Technology- Avionics; Automobile Technology; Cadastral,Topographic Survey & Land Information Technology; Ceramic Technology; Chemical Technology; Civil Technology; Civil(Wood) Technology; Computer Science & Technology; Construction Technology; Electrical Technology; Electromedical Technology; Electronics Technology; Environmental Technology; Food Technology; Footwear Technology; Geoinformatics Technology; Glass Technology; Graphic Design Technology; Land Resources Survey & Environment Technology; Marine Technology; Mechanical Technology; Mechatronics Technology; Petroleum and Mining Technology; Photogrammetry & Remote Sensing Technology; Power Technology; Printing Technology; RAC Technology; Shipbuilding Engineering; Surveying Technology; Telecommunication Technology"
26821,Electronic Devices and,3,3,Electronics Technology; Mechatronics Technology; Telecommunication Technology
26831,Digital Electronics-I,2,2,Computer Science & Technology; Electronics Technology
26841,Digital Electronics-II,2,2,Computer Science & Technology; Electronics Technology
26842,Communication Engineering,2,2,Electrical Technology; Electronics Technology
26845,Digital Electronics,4,4,Electrical Technology; Electromedical Technology; Mechatronics Technology; Telecommunication Technology
26851,Television Engineering,1,1,Electronics Technology
26852,Electronic Appliances,1,1,Electronics Technology
26861,TV Studio and Broadcasting,1,1,Electronics Technology
26862,Microcontroller and Embedded System,1,1,Electronics Technology
26863,PCB Design and Prototyping,1,1,Electronics Technology
26871,Microwave Radar and Navigation Aids,1,1,Electronics Technology
26872,Industrial Automation and PLC,1,1,Electronics Technology
26875,Automation Engineering & PLC,2,2,Electrical Technology; Glass Technology
27011,Basic Workshop Practice,21,21,Aircraft Maintenance Technology- Aerospace; Aircraft Maintenance Technology- Avionics; Automobile Technology; Ceramic Technology; Chemical Technology; Civil Technology; Civil(Wood) Technology; Construction Technology; Environmental Technology; Food Technology; Footwear Technology; Glass Technology; Graphic Design Technology; Marine Technology; Mechanical Technology; Mechatronics Technology; Petroleum and Mining Technology; Power Technology; Printing Technology; RAC Technology; Shipbuilding Engineering
27012,Machine Shop Practice I,8,8,Automobile Technology; Marine Technology; Mechanical Technology; Mechatronics Technology; Petroleum and Mining Technology; Power Technology; RAC Technology; Shipbuilding Engineering
27021,Mechanical Engineering Drawing,3,3,Mechanical Technology; Mechatronics Technology; RAC Technology
27032,Machine Shop Practice II,4,4,Marine Technology; Mechanical Technology; Mechatronics Technology; Shipbuilding Engineering
27041,Engineering Mechanics,10,10,Automobile Technology; Chemical Technology; Food Technology; Marine Technology; Mechanical Technology; Mechatronics Technology; Petroleum and Mining Technology; Power Technology; RAC Technology; Shipbuilding Engineering
27042,Machine Shop Practice III,1,1,Mechanical Technology
27043,Metallurgy,7,7,Automobile Technology; Marine Technology; Mechanical Technology; Petroleum and Mining Technology; Power Technology; RAC Technology; Shipbuilding Engineering
27044,Applied Mechanics,1,1,Electrical Technology
27051,Fluid Mechanics & Machineries,6,6,Automobile Technology; Mechanical Technology; Mechatronics Technology; Petroleum and Mining Technology; Power Technology; RAC Technology
27052,Mechanical Estimating & Costing,3,3,Automobile Technology; Mechanical Technology; RAC Technology
27053,Advanced Welding-I,4,4,Automobile Technology; Mechanical Technology; Petroleum and Mining Technology; Power Technology
27054,Foundry & Pattern Making,2,2,Automobile Technology; Mechanical Technology
27061,Strength of Materials,8,8,Automobile Technology; Marine Technology; Mechanical Technology; Mechatronics Technology; Petroleum and Mining Technology; Power Technology; RAC Technology; Shipbuilding Engineering
27062,Mechanical Measurement &,4,4,Automobile Technology; Mechanical Technology; Mechatronics Technology; Power Technology
27064,Advanced Welding-II,1,1,Mechanical Technology
27065,Plant Engineering & Maintainance,4,4,Mechanical Technology; Petroleum and Mining Technology; Power Technology; RAC Technology
27075,Production Planning & Control,4,4,Mechanical Technology; Mechatronics Technology; Petroleum and Mining Technology; RAC Technology
27121,Power Equipment Management & Safety,1,1,Power Technology
27151,"Electricity,Electronics & Automation",1,1,Power Technology
27152,Power Plant Enginnering,2,2,Mechatronics Technology; Power Technology
27161,"Maintainance Engine Overhauling, Inspection & Testing",1,1,Power Technology
27231,RAC Cycles & Components,5,5,Marine Technology; Mechanical Technology; Power Technology; RAC Technology; Shipbuilding Engineering
28511,Computer Office Application,32,32,"Aircraft Maintenance Technology- Aerospace; Aircraft Maintenance Technology- Avionics; Architecture Technology; Automobile Technology; Cadastral,Topographic Survey & Land Information Technology; Chemical Technology; Civil Technology; Civil(Wood) Technology; Computer Science & Technology; Construction Technology; Electrical Technology; Electromedical Technology; Electronics Technology; Environmental Technology; Food Technology; Footwear Technology; Geoinformatics Technology; Glass Technology; Graphic Design Technology; Land Resources Survey & Environment Technology; Marine Technology; Mechanical Technology; Mechatronics Technology; Petroleum and Mining Technology; Photogrammetry & Remote Sensing Technology; Power Technology; Printing Technology; RAC Technology; Shipbuilding Engineering; Surveying Technology; Telecommunication Technology; Tourism and Hospitality Management Technology"
28521,Python Programming,2,2,Computer Science & Technology; Petroleum and Mining Technology
28522,Computer Graphics Design-I,1,1,Computer Science & Technology
28531,Application Development Using Python,1,1,Computer Science & Technology
28532,Computer Graphics Design-II,1,1,Computer Science & Technology
28541,Java Programming,1,1,Computer Science & Technology
28542,Data Structure & Algorithm,1,1,Computer Science & Technology
28543,Computer Peripherals & Interfacing,1,1,Computer Science & Technology
28544,Web Design & Development-I,1,1,Computer Science & Technology
28551,Application Development Using Java,1,1,Computer Science & Technology
28552,Web Design & Development-II,1,1,Computer Science & Technology
28553,Computer Architecture & Microprocessor,1,1,Computer Science & Technology
28554,Data Communication,1,1,Computer Science & Technology
28555,Operating System,1,1,Computer Science & Technology
28556,Project Work-I,1,1,Computer Science & Technology
28561,Database Management System,1,1,Computer Science & Technology
28562,Computer Networking,1,1,Computer Science & Technology
28563,Sensor & IoT System,1,1,Computer Science & Technology
28564,Microcontroller Based System Design & Development,1,1,Computer Science & Technology
28565,Surveillance Security System,1,1,Computer Science & Technology
28566,Web Development Project,1,1,Computer Science & Technology
28567,Progamming in C,8,8,Electrical Technology; Electromedical Technology; Electronics Technology; Mechanical Technology; Mechatronics Technology; Power Technology; RAC Technology; Telecommunication Technology
28571,Digital Marketing Technique,1,1,Computer Science & Technology
28572,Network Administration & Services,1,1,Computer Science & Technology
28573,Cyber Security & Ethics,1,1,Computer Science & Technology
28574,Apps Development Project,1,1,Computer Science & Technology
28575,Multimedia & Animation,1,1,Computer Science & Technology
28861,Advanced Construction,2,2,Civil Technology; Construction Technology
28863,Steel Structures,2,2,Civil Technology; Construction Technology
28871,Construction Management &,4,4,Civil Technology; Construction Technology; Environmental Technology; Surveying Technology
29041,Environmental Studies,29,29,"Aircraft Maintenance Technology- Aerospace; Aircraft Maintenance Technology- Avionics; Architecture Technology; Automobile Technology; Cadastral,Topographic Survey & Land Information Technology; Ceramic Technology; Chemical Technology; Civil Technology; Civil(Wood) Technology; Computer Science & Technology; Construction Technology; Electrical Technology; Electromedical Technology; Electronics Technology; Food Technology; Footwear Technology; Geoinformatics Technology; Glass Technology; Graphic Design Technology; Mechanical Technology; Mechatronics Technology; Petroleum and Mining Technology; Photogrammetry & Remote Sensing Technology; Power Technology; Printing Technology; RAC Technology; Surveying Technology; Telecommunication Technology; Tourism and Hospitality Management Technology"
29231,Mechatronics & PLC,4,4,Automobile Technology; Mechanical Technology; Petroleum and Mining Technology; RAC Technology
